{"label_to_idx": {"air": 1, "airplane": 2, "animal": 3, "arm": 4, "back": 5, "background": 6, "bag": 7, "banana": 8, "basket": 9, "beach": 10, "bear": 11, "bed": 12, "bench": 13, "bike": 14, "bird": 15, "board": 16, "boat": 17, "book": 18, "bottle": 19, "bowl": 20, "box": 21, "boy": 22, "branch": 23, "building": 24, "bus": 25, "bush": 26, "cabinet": 27, "cake": 28, "cap": 29, "car": 30, "cat": 31, "ceiling": 32, "chair": 33, "child": 34, "clock": 35, "cloud": 36, "coat": 37, "container": 38, "couch": 39, "counter": 40, "cow": 41, "cup": 42, "design": 43, "desk": 44, "dirt": 45, "dish": 46, "dog": 47, "door": 48, "ear": 49, "elephant": 50, "eye": 51, "face": 52, "fence": 53, "field": 54, "floor": 55, "flower": 56, "food": 57, "foot": 58, "fork": 59, "frisbee": 60, "giraffe": 61, "girl": 62, "glass": 63, "glove": 64, "grass": 65, "ground": 66, "hair": 67, "hand": 68, "handle": 69, "hat": 70, "head": 71, "helmet": 72, "hill": 73, "horse": 74, "house": 75, "jacket": 76, "jean": 77, "kid": 78, "kite": 79, "lamp": 80, "laptop": 81, "leaf": 82, "leg": 83, "letter": 84, "light": 85, "line": 86, "logo": 87, "mirror": 88, "motorcycle": 89, "mountain": 90, "number": 91, "ocean": 92, "pant": 93, "paper": 94, "person": 95, "phone": 96, "photo": 97, "picture": 98, "pillow": 99, "pizza": 100, "plant": 101, "plate": 102, "player": 103, "pole": 104, "post": 105, "racket": 106, "road": 107, "rock": 108, "roof": 109, "sand": 110, "sandwich": 111, "sheep": 112, "shelf": 113, "shirt": 114, "shoe": 115, "short": 116, "sidewalk": 117, "sign": 118, "sink": 119, "skateboard": 120, "ski": 121, "skier": 122, "sky": 123, "snow": 124, "stand": 125, "street": 126, "stripe": 127, "surfboard": 128, "surfer": 129, "table": 130, "tile": 131, "toilet": 132, "top": 133, "tower": 134, "track": 135, "train": 136, "tray": 137, "tree": 138, "truck": 139, "umbrella": 140, "vase": 141, "vehicle": 142, "wall": 143, "water": 144, "wave": 145, "wheel": 146, "window": 147, "wire": 148, "writing": 149, "zebra": 150}, "idx_to_label": {"1": "air", "2": "airplane", "3": "animal", "4": "arm", "5": "back", "6": "background", "7": "bag", "8": "banana", "9": "basket", "10": "beach", "11": "bear", "12": "bed", "13": "bench", "14": "bike", "15": "bird", "16": "board", "17": "boat", "18": "book", "19": "bottle", "20": "bowl", "21": "box", "22": "boy", "23": "branch", "24": "building", "25": "bus", "26": "bush", "27": "cabinet", "28": "cake", "29": "cap", "30": "car", "31": "cat", "32": "ceiling", "33": "chair", "34": "child", "35": "clock", "36": "cloud", "37": "coat", "38": "container", "39": "couch", "40": "counter", "41": "cow", "42": "cup", "43": "design", "44": "desk", "45": "dirt", "46": "dish", "47": "dog", "48": "door", "49": "ear", "50": "elephant", "51": "eye", "52": "face", "53": "fence", "54": "field", "55": "floor", "56": "flower", "57": "food", "58": "foot", "59": "fork", "60": "frisbee", "61": "giraffe", "62": "girl", "63": "glass", "64": "glove", "65": "grass", "66": "ground", "67": "hair", "68": "hand", "69": "handle", "70": "hat", "71": "head", "72": "helmet", "73": "hill", "74": "horse", "75": "house", "76": "jacket", "77": "jean", "78": "kid", "79": "kite", "80": "lamp", "81": "laptop", "82": "leaf", "83": "leg", "84": "letter", "85": "light", "86": "line", "87": "logo", "88": "mirror", "89": "motorcycle", "90": "mountain", "91": "number", "92": "ocean", "93": "pant", "94": "paper", "95": "person", "96": "phone", "97": "photo", "98": "picture", "99": "pillow", "100": "pizza", "101": "plant", "102": "plate", "103": "player", "104": "pole", "105": "post", "106": "racket", "107": "road", "108": "rock", "109": "roof", "110": "sand", "111": "sandwich", "112": "sheep", "113": "shelf", "114": "shirt", "115": "shoe", "116": "short", "117": "sidewalk", "118": "sign", "119": "sink", "120": "skateboard", "121": "ski", "122": "skier", "123": "sky", "124": "snow", "125": "stand", "126": "street", "127": "stripe", "128": "surfboard", "129": "surfer", "130": "table", "131": "tile", "132": "toilet", "133": "top", "134": "tower", "135": "track", "136": "train", "137": "tray", "138": "tree", "139": "truck", "140": "umbrella", "141": "vase", "142": "vehicle", "143": "wall", "144": "water", "145": "wave", "146": "wheel", "147": "window", "148": "wire", "149": "writing", "150": "zebra"}, "predicate_to_idx": {"above": 1, "across": 2, "against": 3, "along": 4, "and": 5, "at": 6, "attached to": 7, "behind": 8, "between": 9, "carrying": 10, "covered in": 11, "covering": 12, "crossing": 13, "eating": 14, "flying": 15, "flying in": 16, "for": 17, "from": 18, "hanging from": 19, "has": 20, "holding": 21, "in": 22, "in front of": 23, "laying on": 24, "looking at": 25, "lying on": 26, "mounted on": 27, "near": 28, "of": 29, "on": 30, "outside": 31, "over": 32, "painted on": 33, "parked on": 34, "playing": 35, "riding": 36, "says": 37, "sitting at": 38, "sitting on": 39, "standing on": 40, "to": 41, "under": 42, "underneath": 43, "using": 44, "walking in": 45, "walking on": 46, "watching": 47, "wearing": 48, "with": 49, "worn by": 50}, "idx_to_predicate": {"1": "above", "2": "across", "3": "against", "4": "along", "5": "and", "6": "at", "7": "attached to", "8": "behind", "9": "between", "10": "carrying", "11": "covered in", "12": "covering", "13": "crossing", "14": "eating", "15": "flying", "16": "flying in", "17": "for", "18": "from", "19": "hanging from", "20": "has", "21": "holding", "22": "in", "23": "in front of", "24": "laying on", "25": "looking at", "26": "lying on", "27": "mounted on", "28": "near", "29": "of", "30": "on", "31": "outside", "32": "over", "33": "painted on", "34": "parked on", "35": "playing", "36": "riding", "37": "says", "38": "sitting at", "39": "sitting on", "40": "standing on", "41": "to", "42": "under", "43": "underneath", "44": "using", "45": "walking in", "46": "walking on", "47": "watching", "48": "wearing", "49": "with", "50": "worn by"}, "predicate_count": {"on": 567069, "in": 215459, "has": 164880, "wearing": 150432, "near": 89890, "of": 78663, "with": 55138, "above": 45236, "holding": 42722, "behind": 40458, "under": 21529, "sitting on": 19851, "standing on": 14114, "in front of": 12866, "hanging from": 10978, "at": 9429, "riding": 8824, "over": 8755, "for": 8284, "attached to": 7427, "carrying": 5199, "eating": 4665, "walking on": 4613, "playing": 3784, "laying on": 3708, "watching": 3478, "along": 3361, "and": 3316, "between": 3300, "covering": 3225, "looking at": 3053, "against": 2868, "lying on": 2813, "parked on": 2720, "from": 2680, "says": 2238, "painted on": 2155, "to": 2005, "covered in": 1986, "using": 1899, "across": 1788, "walking in": 1740, "flying in": 1676, "crossing": 1652, "mounted on": 1643, "flying": 1606, "sitting at": 1605, "worn by": 1550, "outside": 1510, "underneath": 1449}, "object_count": {"person": 65812, "tree": 27484, "wall": 20571, "table": 14982, "shirt": 22745, "ground": 16446, "building": 16732, "grass": 12869, "sign": 13425, "plate": 8379, "window": 14649, "water": 9556, "pole": 13877, "sky": 11108, "hand": 13413, "boy": 5676, "road": 8601, "car": 9664, "girl": 4954, "street": 8153, "light": 10450, "field": 6611, "snow": 6720, "head": 10305, "glass": 7833, "leaf": 9567, "train": 3815, "fence": 7523, "cloud": 7404, "sidewalk": 7345, "floor": 6811, "pant": 8648, "leg": 8578, "chair": 6739, "jacket": 7082, "shoe": 7311, "hat": 6326, "track": 5424, "bench": 4106, "line": 7107, "airplane": 2852, "hair": 7099, "bus": 3220, "boat": 3816, "background": 6016, "food": 4380, "bike": 4250, "player": 2787, "horse": 3254, "dog": 2810, "flower": 5329, "bowl": 3727, "rock": 5476, "bed": 3024, "bag": 5072, "clock": 3246, "beach": 3097, "pizza": 2298, "cat": 2194, "short": 5479, "stripe": 5711, "door": 5231, "arm": 6035, "elephant": 2592, "counter": 3975, "picture": 4378, "shelf": 4382, "giraffe": 2517, "helmet": 4572, "foot": 5265, "box": 3793, "face": 5040, "surfboard": 3004, "board": 3365, "child": 2289, "umbrella": 3516, "desk": 2561, "bottle": 3973, "motorcycle": 2632, "bird": 2530, "skateboard": 2934, "sand": 2702, "hill": 3328, "truck": 2514, "bush": 4231, "zebra": 2082, "plant": 3888, "pillow": 3467, "jean": 4053, "paper": 3339, "dirt": 3576, "animal": 2247, "bear": 1928, "cow": 2149, "post": 3601, "cup": 2813, "top": 3703, "mirror": 2585, "cake": 1620, "letter": 3612, "wave": 3073, "ear": 3789, "vase": 1956, "ceiling": 3125, "logo": 3581, "cap": 3196, "kite": 2236, "tile": 3455, "wheel": 3405, "mountain": 2655, "handle": 3490, "ocean": 2170, "sheep": 1905, "book": 2817, "number": 3088, "banana": 2261, "coat": 2956, "laptop": 1880, "tower": 1874, "branch": 3055, "lamp": 2660, "house": 2483, "ski": 2674, "sink": 2134, "eye": 3016, "container": 2230, "glove": 2762, "racket": 2055, "phone": 1878, "couch": 1717, "writing": 2826, "skier": 1148, "back": 2624, "stand": 2250, "wire": 2524, "kid": 1259, "basket": 2011, "tray": 1676, "photo": 1786, "vehicle": 1880, "fork": 1786, "toilet": 1536, "surfer": 806, "sandwich": 1162, "cabinet": 2149, "frisbee": 1448, "air": 2042, "dish": 1388, "roof": 2262, "design": 2270}}