{"label_to_idx": {"airplane": 1, "animal": 2, "arm": 3, "bag": 4, "banana": 5, "batter": 6, "beach": 7, "bear": 8, "bed": 9, "bench": 10, "bike": 11, "bird": 12, "board": 13, "boat": 14, "book": 15, "bottle": 16, "bowl": 17, "box": 18, "boy": 19, "branch": 20, "brick": 21, "building": 22, "bus": 23, "bush": 24, "cabinet": 25, "cake": 26, "car": 27, "cat": 28, "chair": 29, "child": 30, "clock": 31, "cloud": 32, "container": 33, "cow": 34, "cup": 35, "desk": 36, "dirt": 37, "dog": 38, "donut": 39, "door": 40, "ear": 41, "elephant": 42, "eye": 43, "face": 44, "fence": 45, "field": 46, "flag": 47, "floor": 48, "flower": 49, "food": 50, "foot": 51, "fork": 52, "fur": 53, "giraffe": 54, "girl": 55, "glass": 56, "grass": 57, "ground": 58, "guy": 59, "hair": 60, "hand": 61, "handle": 62, "hat": 63, "head": 64, "helmet": 65, "horse": 66, "house": 67, "jacket": 68, "jet": 69, "kite": 70, "knife": 71, "lady": 72, "lamp": 73, "laptop": 74, "leaf": 75, "leg": 76, "letter": 77, "light": 78, "line": 79, "logo": 80, "man": 81, "mirror": 82, "motorcycle": 83, "mountain": 84, "nose": 85, "number": 86, "pant": 87, "paper": 88, "part": 89, "people": 90, "person": 91, "picture": 92, "pillow": 93, "pizza": 94, "plane": 95, "plant": 96, "plate": 97, "player": 98, "pole": 99, "post": 100, "reflection": 101, "road": 102, "rock": 103, "roof": 104, "sandwich": 105, "shadow": 106, "sheep": 107, "shelf": 108, "shirt": 109, "shoe": 110, "short": 111, "sidewalk": 112, "sign": 113, "sink": 114, "skateboard": 115, "skateboarder": 116, "skier": 117, "sky": 118, "snow": 119, "spot": 120, "street": 121, "stripe": 122, "surfboard": 123, "surfer": 124, "table": 125, "tail": 126, "teddy bear": 127, "tile": 128, "tire": 129, "toilet": 130, "top": 131, "towel": 132, "tower": 133, "track": 134, "train": 135, "tree": 136, "truck": 137, "trunk": 138, "umbrella": 139, "vase": 140, "vehicle": 141, "wall": 142, "water": 143, "wave": 144, "wheel": 145, "window": 146, "wing": 147, "woman": 148, "writing": 149, "zebra": 150}, "idx_to_label": {"1": "airplane", "2": "animal", "3": "arm", "4": "bag", "5": "banana", "6": "batter", "7": "beach", "8": "bear", "9": "bed", "10": "bench", "11": "bike", "12": "bird", "13": "board", "14": "boat", "15": "book", "16": "bottle", "17": "bowl", "18": "box", "19": "boy", "20": "branch", "21": "brick", "22": "building", "23": "bus", "24": "bush", "25": "cabinet", "26": "cake", "27": "car", "28": "cat", "29": "chair", "30": "child", "31": "clock", "32": "cloud", "33": "container", "34": "cow", "35": "cup", "36": "desk", "37": "dirt", "38": "dog", "39": "donut", "40": "door", "41": "ear", "42": "elephant", "43": "eye", "44": "face", "45": "fence", "46": "field", "47": "flag", "48": "floor", "49": "flower", "50": "food", "51": "foot", "52": "fork", "53": "fur", "54": "giraffe", "55": "girl", "56": "glass", "57": "grass", "58": "ground", "59": "guy", "60": "hair", "61": "hand", "62": "handle", "63": "hat", "64": "head", "65": "helmet", "66": "horse", "67": "house", "68": "jacket", "69": "jet", "70": "kite", "71": "knife", "72": "lady", "73": "lamp", "74": "laptop", "75": "leaf", "76": "leg", "77": "letter", "78": "light", "79": "line", "80": "logo", "81": "man", "82": "mirror", "83": "motorcycle", "84": "mountain", "85": "nose", "86": "number", "87": "pant", "88": "paper", "89": "part", "90": "people", "91": "person", "92": "picture", "93": "pillow", "94": "pizza", "95": "plane", "96": "plant", "97": "plate", "98": "player", "99": "pole", "100": "post", "101": "reflection", "102": "road", "103": "rock", "104": "roof", "105": "sandwich", "106": "shadow", "107": "sheep", "108": "shelf", "109": "shirt", "110": "shoe", "111": "short", "112": "sidewalk", "113": "sign", "114": "sink", "115": "skateboard", "116": "skateboarder", "117": "skier", "118": "sky", "119": "snow", "120": "spot", "121": "street", "122": "stripe", "123": "surfboard", "124": "surfer", "125": "table", "126": "tail", "127": "teddy bear", "128": "tile", "129": "tire", "130": "toilet", "131": "top", "132": "towel", "133": "tower", "134": "track", "135": "train", "136": "tree", "137": "truck", "138": "trunk", "139": "umbrella", "140": "vase", "141": "vehicle", "142": "wall", "143": "water", "144": "wave", "145": "wheel", "146": "window", "147": "wing", "148": "woman", "149": "writing", "150": "zebra"}, "predicate_to_idx": {"above": 1, "against": 2, "along": 3, "and": 4, "at": 5, "attached to": 6, "behind": 7, "belonging to": 8, "between": 9, "carrying": 10, "covered in": 11, "covering": 12, "crossing": 13, "eating": 14, "flying": 15, "flying in": 16, "for": 17, "from": 18, "growing on": 19, "hanging from": 20, "has": 21, "holding": 22, "in": 23, "in front of": 24, "laying on": 25, "looking at": 26, "lying on": 27, "made of": 28, "near": 29, "of": 30, "on": 31, "on back of": 32, "outside": 33, "over": 34, "painted on": 35, "parked on": 36, "part of": 37, "playing": 38, "riding": 39, "says": 40, "sitting at": 41, "sitting on": 42, "standing on": 43, "under": 44, "using": 45, "walking in": 46, "walking on": 47, "watching": 48, "wearing": 49, "with": 50}, "idx_to_predicate": {"1": "above", "2": "against", "3": "along", "4": "and", "5": "at", "6": "attached to", "7": "behind", "8": "belonging to", "9": "between", "10": "carrying", "11": "covered in", "12": "covering", "13": "crossing", "14": "eating", "15": "flying", "16": "flying in", "17": "for", "18": "from", "19": "growing on", "20": "hanging from", "21": "has", "22": "holding", "23": "in", "24": "in front of", "25": "laying on", "26": "looking at", "27": "lying on", "28": "made of", "29": "near", "30": "of", "31": "on", "32": "on back of", "33": "outside", "34": "over", "35": "painted on", "36": "parked on", "37": "part of", "38": "playing", "39": "riding", "40": "says", "41": "sitting at", "42": "sitting on", "43": "standing on", "44": "under", "45": "using", "46": "walking in", "47": "walking on", "48": "watching", "49": "wearing", "50": "with"}, "predicate_count": {"on": 347733, "has": 180166, "in": 124000, "wearing": 102074, "of": 81983, "near": 54605, "with": 34205, "behind": 27458, "holding": 25827, "above": 23300, "under": 11609, "sitting on": 11307, "standing on": 9373, "in front of": 8039, "riding": 5965, "at": 5169, "hanging from": 4818, "attached to": 4533, "over": 4142, "carrying": 3771, "walking on": 3357, "for": 3243, "eating": 3082, "looking at": 2056, "laying on": 2009, "watching": 2004, "covering": 1991, "belonging to": 1850, "along": 1834, "parked on": 1682, "painted on": 1634, "against": 1627, "between": 1622, "playing": 1485, "and": 1450, "lying on": 1317, "from": 1303, "covered in": 1297, "made of": 1272, "flying in": 1257, "flying": 1257, "using": 1212, "says": 1171, "growing on": 1124, "part of": 1087, "crossing": 1077, "outside": 1068, "walking in": 1058, "sitting at": 1043, "on back of": 1010}, "object_count": {"man": 290851, "person": 119064, "woman": 115277, "window": 75526, "tree": 68189, "building": 63838, "boy": 52499, "sign": 49413, "train": 39818, "people": 39752, "car": 39077, "girl": 39039, "wall": 37907, "giraffe": 35528, "dog": 34484, "table": 33216, "cat": 32934, "elephant": 32709, "cloud": 32643, "water": 32018, "sky": 31530, "bus": 31395, "zebra": 30727, "plane": 30227, "light": 29850, "horse": 28881, "grass": 28398, "shirt": 26779, "bird": 26659, "clock": 26601, "plate": 26594, "head": 26584, "hand": 26444, "leaf": 25652, "pole": 24937, "shadow": 23334, "leg": 23307, "ground": 23061, "boat": 21876, "snow": 21722, "line": 20791, "glass": 20164, "child": 19122, "lady": 19030, "cow": 18410, "door": 18391, "bear": 18235, "road": 18225, "chair": 17577, "fence": 17383, "bench": 17304, "pizza": 16610, "flower": 16448, "sheep": 16397, "hair": 16096, "truck": 14986, "field": 14970, "ear": 14869, "bowl": 14424, "airplane": 14290, "player": 14275, "picture": 14270, "motorcycle": 14074, "guy": 13942, "rock": 13641, "bike": 13486, "floor": 13033, "bag": 12900, "bottle": 12852, "mirror": 12185, "wheel": 11977, "street": 11831, "sidewalk": 11633, "shoe": 11626, "kite": 11595, "tail": 11237, "handle": 11174, "track": 11016, "food": 10994, "skateboard": 10823, "arm": 10708, "stripe": 10697, "plant": 10658, "umbrella": 10595, "beach": 10491, "wave": 10436, "skier": 10403, "cup": 10329, "box": 10283, "letter": 10219, "foot": 10187, "cake": 9991, "house": 9963, "jacket": 9888, "animal": 9839, "bush": 9794, "hat": 9680, "toilet": 9666, "book": 9402, "tire": 9352, "pillow": 9347, "bed": 9268, "surfboard": 9261, "face": 9126, "banana": 9057, "lamp": 8988, "board": 8983, "paper": 8889, "tile": 8729, "eye": 8652, "nose": 8649, "reflection": 8301, "part": 8258, "vehicle": 8218, "helmet": 8187, "pant": 8026, "number": 8003, "laptop": 7997, "vase": 7992, "dirt": 7816, "branch": 7807, "mountain": 7737, "logo": 7640, "batter": 7615, "tower": 7486, "post": 7407, "sink": 7403, "roof": 7328, "surfer": 7167, "shelf": 7033, "sandwich": 6809, "towel": 6676, "fork": 6669, "wing": 6366, "fur": 6342, "trunk": 6328, "container": 6288, "brick": 6282, "spot": 6265, "flag": 6202, "skateboarder": 6202, "jet": 6191, "teddy bear": 6181, "donut": 6167, "cabinet": 6139, "writing": 6035, "top": 5945, "desk": 5941, "short": 5849, "knife": 5811}}